uid,uname,gender
1,Malchy,Male
2,Nixie,Female
3,Clarissa,Female
4,Gage,Male
5,Ynes,Female
6,Robb,Male
7,Helsa,Female
8,Betteanne,Female
9,Winn,Male
10,Regina,Female
11,Hurleigh,Male
12,Amandy,Female
13,Daryn,Non-binary
14,Beatrisa,Non-binary
15,Duffy,Agender
16,Modestia,Female
17,Debra,Female
18,Flossie,Bigender
19,Dion,Female
20,Angie,Female
21,Editha,Female
22,Reggi,Female
23,Melodie,Female
24,Margit,Female
25,Dulci,Female
26,Freddy,Female
27,Isador,Male
28,Winona,Female
29,Amerigo,Male
30,Perry,Genderfluid
